Issue,Severity,Location,Description,Recommended Fix
Inconsistent Color Application,HIGH,Global color scheme,"Current cyan (#00d4ff) clashes with the requested dark neon purple/indigo, yellow, and teal palette","Transition to: Dark neon purple (#8B5CF6), Dark indigo (#4C1D95), Neon yellow (#FBBF24), Electric teal (#14B8A6)"
Missing Apple-Style Glassmorphism,HIGH,"All card components, navigation, overlays",No frosted-glass blur effects or translucent layers present in current design,Implement backdrop-filter: blur() with semi-transparent backgrounds (rgba) and soft shadows
Flat Card Design vs. 3D Embossed Requirements,HIGH,"Project cards, service cards, portfolio cards","Current cards use simple border/shadow, not 3D embossed effects","Add dual-shadow technique (light top-left, dark bottom-right) for depth, plus inset shadows for emboss"
Neural Mesh Overlay Not Optimized for Black BG,MEDIUM,Canvas background animation,Current neural animation may not be visible enough on pure black (#000000),"Adjust particle opacity, add glow effects, ensure high contrast on #000000 background"
No Morphogenetic Self-Healing Architecture,HIGH,Entire codebase architecture,Static HTML/CSS/JS without adaptive or self-healing capabilities,"Implement: Error boundary components, Service Worker for offline resilience, Auto-retry API calls, Local fallback data, Performance monitoring with auto-optimization"
Missing Threat Protection Layer,CRITICAL,Security architecture,"No XSS protection, CSP headers insufficient, no rate limiting visualization","Add: Content Security Policy meta tags, CSRF tokens, Input sanitization layer, Rate limit indicators"
Static Content - No Market Trend Adaptation,MEDIUM,"Service offerings, pricing, project descriptions","Content is hardcoded, doesn't adapt to market trends dynamically","Implement: Headless CMS integration, A/B testing framework, Analytics-driven content updates"
Inconsistent Professional Clean Interface,MEDIUM,"Hero section, headings",Mix of playful glitch effects vs. professional requirements,"Tone down glitch to subtle, professional animation; add glossy finishes to buttons/cards"
Mathematical Equations Not Prominently Featured,MEDIUM,"Homepage, project cards","LaTeX equations hidden in detail pages, not showcased in main validation areas","Add equation previews on hover, feature key formulas in project cards as proof badges"
Service Offerings Underemphasized,HIGH,Services section layout and CTAs,Services section not optimized for $20-100K revenue generation focus,"Redesign with: Larger pricing cards, ROI calculators, Case study integration, Testimonial proof"
